"edition_id","title","authors","editors","commentators","year","year_end","volume","edition","publisher","place","kind","note","source_identifier","source_url","license","license_url","label","basis_url","basis_sha256"
"lake-1914-vol1-seven-letter","The Apostolic Fathers","","Kirsopp Lake","","1914","","I","","William Heinemann; The Macmillan Co.","London; New York","print","1914 재쇄본","urn:cts:greekLit:tlg1443.tlg001.1st1K-grc1:4.praef.1","https://github.com/OpenGreekAndLatin/First1KGreek/blob/8ee111eb44ecef4120c844e10749178d95d1f30c/data/tlg1443/tlg001/tlg1443.tlg001.1st1K-grc1.xml","CC-BY-SA-4.0","https://creativecommons.org/licenses/by-sa/4.0/","Kirsopp Lake, The Apostolic Fathers I, 1914 재쇄본","https://patristics.missionalbible.org/releases/alpha-0.24.4/ignatius-romans/passages.json","33843f330b91eaff993064ce13749b284d65ca2b644898cc01f26b777b42f10b"
"lake-1914-vol1-didache","The Apostolic Fathers","","Kirsopp Lake","","1914","","I","","William Heinemann; The Macmillan Co.","London; New York","print","1914 재쇄본","urn:cts:greekLit:tlg1311.tlg001.1st1K-grc1:1.1","https://github.com/OpenGreekAndLatin/First1KGreek/blob/8ee111eb44ecef4120c844e10749178d95d1f30c/data/tlg1311/tlg001/tlg1311.tlg001.1st1K-grc1.xml","CC-BY-SA-4.0","https://creativecommons.org/licenses/by-sa/4.0/","Kirsopp Lake, The Apostolic Fathers I, 1914 재쇄본","https://patristics.missionalbible.org/releases/alpha-0.24.4/didache/passages.json","7bbb27762ba2791cec6f68b8b4dac75e914062f6dfd9afb05c40f6528d3a7fd1"
"lake-1914-vol1-polycarp-philippians","The Apostolic Fathers","","Kirsopp Lake","","1914","","I","","William Heinemann; The Macmillan Co.","London; New York","print","1914 재쇄본","urn:cts:greekLit:tlg1622.tlg001.1st1K-grc1:praef.sal","https://github.com/OpenGreekAndLatin/First1KGreek/blob/8ee111eb44ecef4120c844e10749178d95d1f30c/data/tlg1622/tlg001/tlg1622.tlg001.1st1K-grc1.xml","CC-BY-SA-4.0","https://creativecommons.org/licenses/by-sa/4.0/","Kirsopp Lake, The Apostolic Fathers I, 1914 재쇄본","https://patristics.missionalbible.org/releases/alpha-0.24.4/polycarp-philippians/passages.json","1a5accb1932afd1b99c0398e03a45a56f0946f11a3b7ef6e972c77b3d9ac9cc7"
"lake-1914-vol1-ignatius-philadelphians","The Apostolic Fathers","","Kirsopp Lake","","1914","","I","","William Heinemann; The Macmillan Co.","London; New York","print","1914 재쇄본","urn:cts:greekLit:tlg1443.tlg001.1st1K-grc1:5.praef.1","https://github.com/OpenGreekAndLatin/First1KGreek/blob/8ee111eb44ecef4120c844e10749178d95d1f30c/data/tlg1443/tlg001/tlg1443.tlg001.1st1K-grc1.xml","CC-BY-SA-4.0","https://creativecommons.org/licenses/by-sa/4.0/","Kirsopp Lake, The Apostolic Fathers I, 1914 재쇄본","https://patristics.missionalbible.org/releases/alpha-0.24.4/ignatius-philadelphians/passages.json","6a36c7d6f3a4e35d156987a1339fe314f1ea366f4c32dfac84e55b90918a723a"
"lake-1914-vol1-ignatius-polycarp","The Apostolic Fathers","","Kirsopp Lake","","1914","","I","","William Heinemann; The Macmillan Co.","London; New York","print","1914 재쇄본","urn:cts:greekLit:tlg1443.tlg001.1st1K-grc1:7.praef.1","https://github.com/OpenGreekAndLatin/First1KGreek/blob/8ee111eb44ecef4120c844e10749178d95d1f30c/data/tlg1443/tlg001/tlg1443.tlg001.1st1K-grc1.xml","CC-BY-SA-4.0","https://creativecommons.org/licenses/by-sa/4.0/","Kirsopp Lake, The Apostolic Fathers I, 1914 재쇄본","https://patristics.missionalbible.org/releases/alpha-0.24.4/ignatius-polycarp/passages.json","633bbeab8579c9a5f2f9782fe118ef9cc6abe3fbbd3bc8235fc5317fb7fab40e"
"lake-1914-vol1-ignatius-ephesians","The Apostolic Fathers","","Kirsopp Lake","","1914","","I","","William Heinemann; The Macmillan Co.","London; New York","print","1914 재쇄본","urn:cts:greekLit:tlg1443.tlg001.1st1K-grc1:1.praef.1","https://github.com/OpenGreekAndLatin/First1KGreek/blob/8ee111eb44ecef4120c844e10749178d95d1f30c/data/tlg1443/tlg001/tlg1443.tlg001.1st1K-grc1.xml","CC-BY-SA-4.0","https://creativecommons.org/licenses/by-sa/4.0/","Kirsopp Lake, The Apostolic Fathers I, 1914 재쇄본","https://patristics.missionalbible.org/releases/alpha-0.24.4/ignatius-ephesians/passages.json","ae5efa6cb5602adec53d0f71415ef23fb2df12f1e443495ad37ec60c8b686fe6"
"lake-1914-vol1-ignatius-magnesians","The Apostolic Fathers","","Kirsopp Lake","","1914","","I","","William Heinemann; The Macmillan Co.","London; New York","print","1914 재쇄본","urn:cts:greekLit:tlg1443.tlg001.1st1K-grc1:2.praef.1","https://github.com/OpenGreekAndLatin/First1KGreek/blob/8ee111eb44ecef4120c844e10749178d95d1f30c/data/tlg1443/tlg001/tlg1443.tlg001.1st1K-grc1.xml","CC-BY-SA-4.0","https://creativecommons.org/licenses/by-sa/4.0/","Kirsopp Lake, The Apostolic Fathers I, 1914 재쇄본","https://patristics.missionalbible.org/releases/alpha-0.24.4/ignatius-magnesians/passages.json","5a4dad1e030325ff9018693538fd5143a55d39f0bbe847845b4b015fc619d011"
"lake-1914-vol1-ignatius-trallians","The Apostolic Fathers","","Kirsopp Lake","","1914","","I","","William Heinemann; The Macmillan Co.","London; New York","print","1914 재쇄본","urn:cts:greekLit:tlg1443.tlg001.1st1K-grc1:3.praef.1","https://github.com/OpenGreekAndLatin/First1KGreek/blob/8ee111eb44ecef4120c844e10749178d95d1f30c/data/tlg1443/tlg001/tlg1443.tlg001.1st1K-grc1.xml","CC-BY-SA-4.0","https://creativecommons.org/licenses/by-sa/4.0/","Kirsopp Lake, The Apostolic Fathers I, 1914 재쇄본","https://patristics.missionalbible.org/releases/alpha-0.24.4/ignatius-trallians/passages.json","e1212c7461c76bed65a353ff1ef22784a6b8f014c0682c4bfa1542b9a22232c1"
"lake-1914-vol1-ignatius-smyrnaeans","The Apostolic Fathers","","Kirsopp Lake","","1914","","I","","William Heinemann; The Macmillan Co.","London; New York","print","1914 재쇄본","urn:cts:greekLit:tlg1443.tlg001.1st1K-grc1:6.praef.1","https://github.com/OpenGreekAndLatin/First1KGreek/blob/8ee111eb44ecef4120c844e10749178d95d1f30c/data/tlg1443/tlg001/tlg1443.tlg001.1st1K-grc1.xml","CC-BY-SA-4.0","https://creativecommons.org/licenses/by-sa/4.0/","Kirsopp Lake, The Apostolic Fathers I, 1914 재쇄본","https://patristics.missionalbible.org/releases/alpha-0.24.4/ignatius-smyrnaeans/passages.json","e5aecedee32890d96d4402e169f131013908b46272b75d2e8a8d712722ea1aca"
"lake-1914-vol1-clement-1-corinthians","The Apostolic Fathers","","Kirsopp Lake","","1914","","I","","William Heinemann; The Macmillan Co.","London; New York","print","1914 재쇄본","urn:cts:greekLit:tlg1271.tlg001.1st1K-grc1:preface.1","https://github.com/OpenGreekAndLatin/First1KGreek/blob/8ee111eb44ecef4120c844e10749178d95d1f30c/data/tlg1271/tlg001/tlg1271.tlg001.1st1K-grc1.xml","CC-BY-SA-4.0","https://creativecommons.org/licenses/by-sa/4.0/","Kirsopp Lake, The Apostolic Fathers I, 1914 재쇄본","https://patristics.missionalbible.org/releases/alpha-0.24.4/clement-1-corinthians/passages.json","be67422c0f5361787dfe23aee21ebbea293be378f34721efbc500bbf6b0f709a"
"westcott-1896-muratorian","A General Survey of the History of the Canon of the New Testament","B. F. Westcott","","","1896","","","7","Macmillan and Co.","","print","","westcott-1896-muratorian","https://archive.org/details/generalsurveyofh00westuoft","Public domain","https://creativecommons.org/publicdomain/mark/1.0/","B. F. Westcott, A General Survey of the History of the Canon of the New Testament, 7th ed., 1896, pp. 543-547","https://patristics.missionalbible.org/releases/alpha-0.24.4/muratorian-fragment/passages.json","6002c8181d0ea52e18d89eb8c2e68a7c527beaed6b2c3da536de27a61dca7efa"
"funk-1901-papias","Patres apostolici","","F. X. Funk","","1901","","I","2","H. Laupp","Tübingen","print","","funk-1901-papias","https://archive.org/details/patresapostolic00piongoog","Public domain","https://creativecommons.org/publicdomain/mark/1.0/","F. X. Funk, Patres apostolici I, 2nd ed., Tübingen: H. Laupp, 1901, pp. 346-375","https://patristics.missionalbible.org/releases/alpha-0.24.4/papias-fragments/passages.json","ffbbe20206a122c5086230d1f3b85f7a48cdb11cdd305628ac97bf6c3f90bf2e"
"harvey-1857-irenaeus-latin","Sancti Irenaei episcopi Lugdunensis Libros quinque adversus haereses","","W. Wigan Harvey","","1857","","I-II","","Typis Academicis","Cambridge","print","","harvey-1857-irenaeus-latin","https://archive.org/details/sanctiirenaeiepi01unse","Public domain","https://creativecommons.org/publicdomain/mark/1.0/","W. Wigan Harvey, Sancti Irenaei episcopi Lugdunensis Libros quinque adversus haereses, Cambridge: Typis Academicis, 1857, vols. I-II","https://patristics.missionalbible.org/releases/alpha-0.24.4/irenaeus-against-heresies/passages.json","8b47e436cd85842d13f641be17e3b32f37ae5af1fd09e3fe33fb6a45af2dc455"
"perseus-loeb-1926-1932","The Ecclesiastical History","","Kirsopp Lake; J. E. L. Oulton; H. J. Lawlor","","1926","1932","","","","","print","Loeb Classical Library; Perseus Digital Library","urn:cts:greekLit:tlg2018.tlg002.perseus-grc2:1.arg","https://raw.githubusercontent.com/PerseusDL/canonical-greekLit/70427323b61267cdcd0256b9b02009c23392de07/data/tlg2018/tlg002/tlg2018.tlg002.perseus-grc2.xml","CC-BY-SA-4.0","https://creativecommons.org/licenses/by-sa/4.0/","Eusebius, The Ecclesiastical History, Kirsopp Lake, J. E. L. Oulton, H. J. Lawlor 편집, Loeb Classical Library, 1926-1932; Perseus Digital Library","https://patristics.missionalbible.org/releases/alpha-0.24.4/eusebius-ecclesiastical-history/passages.json","e0410566a06c71dcc33ae215c64e93d3eddb2a64bcdadc59b204533b336e6e31"
"rauschen-1911-justin-first-apology","S. Iustini Apologiae Duae","","Gerhard Rauschen","","1911","","","2","Petri Hanstein","Bonn","print","","urn:cts:greekLit:tlg0645.tlg001.1st1K-grc1:1","https://raw.githubusercontent.com/OpenGreekAndLatin/First1KGreek/8ee111eb44ecef4120c844e10749178d95d1f30c/data/tlg0645/tlg001/tlg0645.tlg001.1st1K-grc1.xml","CC-BY-SA-4.0","https://creativecommons.org/licenses/by-sa/4.0/","Gerhard Rauschen 편집, S. Iustini Apologiae Duae, 제2판, Bonn: Petri Hanstein, 1911, 8-114쪽 그리스어 본문","https://patristics.missionalbible.org/releases/alpha-0.24.4/justin-first-apology/passages.json","e19a6300a8683a1d501187ae0b0735f00236e4b30a9badb0764a60a6a7bccb3f"
"lake-1914-barnabas","The Apostolic Fathers","","Kirsopp Lake","","1914","","I","","William Heinemann; The Macmillan Co.","London; New York","print","1914 재쇄본","urn:cts:greekLit:tlg1216.tlg001.opp-grc1:1.1","https://raw.githubusercontent.com/OpenGreekAndLatin/First1KGreek/8ee111eb44ecef4120c844e10749178d95d1f30c/data/tlg1216/tlg001/tlg1216.tlg001.opp-grc1.xml","CC-BY-SA-4.0","https://creativecommons.org/licenses/by-sa/4.0/","Kirsopp Lake 편집, The Apostolic Fathers I, London: William Heinemann; New York: The Macmillan Co., 1914 재쇄본, 340-408쪽","https://patristics.missionalbible.org/releases/alpha-0.24.4/barnabas/passages.json","38dbaf265f58fcd895ec49dd1a4616ceccef0530f6f6baea7315bda68a88cdd7"
"lake-1914-clement-2-corinthians","The Apostolic Fathers","","Kirsopp Lake","","1914","","I","","William Heinemann; The Macmillan Co.","London; New York","print","1914 재쇄본","urn:cts:greekLit:tlg1271.tlg002.1st1K-grc1:1.1","https://raw.githubusercontent.com/OpenGreekAndLatin/First1KGreek/8ee111eb44ecef4120c844e10749178d95d1f30c/data/tlg1271/tlg002/tlg1271.tlg002.1st1K-grc1.xml","CC-BY-SA-4.0","https://creativecommons.org/licenses/by-sa/4.0/","Kirsopp Lake 편집, The Apostolic Fathers I, London: William Heinemann; New York: The Macmillan Co., 1914 재쇄본, 128-162쪽","https://patristics.missionalbible.org/releases/alpha-0.24.4/clement-2-corinthians/passages.json","8808f1f0c6891c6b59c69c60fedd0c77df7fd71265a470d5e996a5a689f3ded8"
"lake-1917-polycarp-martyrdom","The Apostolic Fathers","","Kirsopp Lake","","1917","","II","","William Heinemann; G. P. Putnam’s Sons","London; New York","print","","urn:cts:greekLit:tlg1484.tlg001.1st1K-grc1:praef","https://raw.githubusercontent.com/OpenGreekAndLatin/First1KGreek/8ee111eb44ecef4120c844e10749178d95d1f30c/data/tlg1484/tlg001/tlg1484.tlg001.1st1K-grc1.xml","CC-BY-SA-4.0","https://creativecommons.org/licenses/by-sa/4.0/","Kirsopp Lake 편집, The Apostolic Fathers II, London: William Heinemann; New York: G. P. Putnam’s Sons, 1917, 312-344쪽","https://patristics.missionalbible.org/releases/alpha-0.24.4/polycarp-martyrdom/passages.json","42c0eac050f12d85797e0e1f25a098283bdcaa71e825e868f3aad337fd7ec2c0"
"lake-1917-diognetus","The Apostolic Fathers","","Kirsopp Lake","","1917","","II","","William Heinemann; G. P. Putnam’s Sons","London; New York","print","","urn:cts:greekLit:tlg0646.tlg004.1st1K-grc1:1.1","https://raw.githubusercontent.com/OpenGreekAndLatin/First1KGreek/8ee111eb44ecef4120c844e10749178d95d1f30c/data/tlg0646/tlg004/tlg0646.tlg004.1st1K-grc1.xml","CC-BY-SA-4.0","https://creativecommons.org/licenses/by-sa/4.0/","Kirsopp Lake 편집, The Apostolic Fathers II, London: William Heinemann; New York: G. P. Putnam’s Sons, 1917, 350-378쪽","https://patristics.missionalbible.org/releases/alpha-0.24.4/diognetus/passages.json","a117a291079385728ea1c329a3bbfd9e3920afc5cc8c5e85856479235e73a69f"
"rauschen-1911-justin-second-apology","S. Iustini Apologiae Duae","","Gerhard Rauschen","","1911","","","2","Petri Hanstein","Bonn","print","","urn:cts:greekLit:tlg0645.tlg002.perseus-grc2:1","https://raw.githubusercontent.com/OpenGreekAndLatin/First1KGreek/8ee111eb44ecef4120c844e10749178d95d1f30c/data/tlg0645/tlg002/tlg0645.tlg002.perseus-grc2.xml","CC-BY-SA-4.0","https://creativecommons.org/licenses/by-sa/4.0/","Gerhard Rauschen 편집, S. Iustini Apologiae Duae, 제2판, Bonn: Petri Hanstein, 1911, 114-134쪽 그리스어 본문","https://patristics.missionalbible.org/releases/alpha-0.24.4/justin-second-apology/passages.json","05ae9e367ae4cc67b2451485de198eb66eb8c312ebc24c6e93a892540cb4fd8c"
"march-owen-1876-athenagoras-plea","Athenagoras","","Francis Andrew March","William Baxter Owen","1876","","","","Harper & Brothers","New York","print","","urn:cts:greekLit:tlg1205.tlg001.perseus-grc2:opener","https://raw.githubusercontent.com/OpenGreekAndLatin/First1KGreek/8ee111eb44ecef4120c844e10749178d95d1f30c/data/tlg1205/tlg001/tlg1205.tlg001.perseus-grc2.xml","CC-BY-SA-4.0","https://creativecommons.org/licenses/by-sa/4.0/","Francis Andrew March 편집, William Baxter Owen 주해, Athenagoras, New York: Harper & Brothers, 1876, 9-52쪽","https://raw.githubusercontent.com/imtseoul/patristics-ko-reference/a8150729faa1679da9b3019779d0607582594991/releases/alpha-0.27/athenagoras-plea/passages.json","bdbf55d03a1ea4fdc781ab0ad45ad984b2e8cda15b4a6f0b59c2908a04e643f7"
"humphry-1852-theophilus-autolycus","Theophili Episcopi Antiochensis Libri Tres ad Autolycum","","William Gilson Humphry","","1852","","","","John W. Parker","Cambridge; London","print","","urn:cts:greekLit:tlg1725.tlg001.perseus-grc1:1.1","https://raw.githubusercontent.com/OpenGreekAndLatin/First1KGreek/8ee111eb44ecef4120c844e10749178d95d1f30c/data/tlg1725/tlg001/tlg1725.tlg001.perseus-grc1.xml","CC-BY-SA-4.0","https://creativecommons.org/licenses/by-sa/4.0/","William Gilson Humphry 편집, Theophili Episcopi Antiochensis Libri Tres ad Autolycum, Cambridge, John W. Parker (London), 1852, 4-214쪽 그리스어 본문","https://patristics.missionalbible.org/releases/alpha-0.24.4/theophilus-autolycus/passages.json","1fc60d6f5ed339ba77db3f6d98890de26f5b8ad3ca2512e298bdf36afa28e42f"
"otto-1851-tatian-greeks","Tatiani Oratio ad Graecos","","Johann Carl Theodor Otto","","1851","","","","Mauke","Jena","print","Corpus apologetarum Christianorum saeculi secundi 6","urn:cts:greekLit:tlg1766.tlg001.perseus-grc1:1","https://raw.githubusercontent.com/OpenGreekAndLatin/First1KGreek/8ee111eb44ecef4120c844e10749178d95d1f30c/data/tlg1766/tlg001/tlg1766.tlg001.perseus-grc1.xml","CC-BY-SA-4.0","https://creativecommons.org/licenses/by-sa/4.0/","Johann Carl Theodor Otto 편집, Tatiani Oratio ad Graecos, Jena: Mauke, 1851, Corpus apologetarum Christianorum saeculi secundi 6, 2-162쪽 그리스어 본문","https://patristics.missionalbible.org/releases/alpha-0.27/tatian-greeks/passages.json","ab7b0a9355f9be8db1baefced2ec5ed7586c81a9b0820d69220b27d8d25f1deb"
"schaff-1878-nicene-creed-325","The Creeds of Christendom","","Philip Schaff","","1878","","II","","Harper & Brothers","New York","print","","schaff-1878-nicene-creed-325","https://archive.org/details/creedsofchristen02scha","Public-Domain","https://creativecommons.org/publicdomain/mark/1.0/","Philip Schaff 편집, The Creeds of Christendom II, New York: Harper & Brothers, 1878, 60쪽 그리스어 본문","https://patristics.missionalbible.org/releases/alpha-0.24.4/nicene-creed-325/passages.json","2aa1e3474e6ee407cd322fbf29bfd5ebe84707b00ec6220f891abb9336603743"
"schaff-1878-niceno-constantinopolitan-creed","The Creeds of Christendom","","Philip Schaff","","1878","","II","","Harper & Brothers","New York","print","","schaff-1878-niceno-constantinopolitan-creed","https://archive.org/details/creedsofchristen02scha","Public-Domain","https://creativecommons.org/publicdomain/mark/1.0/","Philip Schaff 편집, The Creeds of Christendom II, New York: Harper & Brothers, 1878, 57-58쪽 그리스어 본문","https://patristics.missionalbible.org/releases/alpha-0.24.4/niceno-constantinopolitan-creed/passages.json","e1f78741a3f6500b6eb682bdb3648618fa1ad77b1ad1e363eba2ab77256363c2"
"schulze·migne-1864-arius-eusebius-letter","Theodoretus, Opera Omnia","","J. L. Schulze","","1864","","III","","J. P. Migne","Paris","print","Patrologia Graeca 82","schulze·migne-1864-arius-eusebius-letter","https://raw.githubusercontent.com/OpenGreekAndLatin/First1KGreek/8ee111eb44ecef4120c844e10749178d95d1f30c/data/tlg4089/tlg003/tlg4089.tlg003.1st1K-grc1.xml","CC-BY-SA-4.0","https://creativecommons.org/licenses/by-sa/4.0/","J. L. Schulze 편집, Theodoretus, Opera Omnia III, Paris: J. P. Migne, 1864 (PG 82), Historia ecclesiastica I.4 안의 서신 전문","https://patristics.missionalbible.org/releases/alpha-0.24.4/arius-eusebius-letter/passages.json","1f7ce8c305946b9dd074b528a014a844c74f865f43859a576743403fd0f91b28"
"schulze·migne-1864-eusebius-nicene-letter","Theodoretus, Opera Omnia","","J. L. Schulze","","1864","","III","","J. P. Migne","Paris","print","Patrologia Graeca 82","schulze·migne-1864-eusebius-nicene-letter","https://raw.githubusercontent.com/OpenGreekAndLatin/First1KGreek/8ee111eb44ecef4120c844e10749178d95d1f30c/data/tlg4089/tlg003/tlg4089.tlg003.1st1K-grc1.xml","CC-BY-SA-4.0","https://creativecommons.org/licenses/by-sa/4.0/","J. L. Schulze 편집, Theodoretus, Opera Omnia III, Paris: J. P. Migne, 1864 (PG 82), Historia ecclesiastica I.11 안의 서신 전문","https://patristics.missionalbible.org/releases/alpha-0.24.4/eusebius-nicene-letter/passages.json","1f485923a1bd263eb815c0dcc0de3e604c7688d87f7c96bd751f9295cbd1e5a6"
"aw-ii/8-2006-athanasius-antiochenes","Athanasius Werke","","H. C. Brennecke; U. Heil; A. von Stockhausen","","2006","","II/8","","de Gruyter","Berlin; New York","print","PTA 2021 공개 전자판","urn:cts:pta:pta0022.pta015.pta-grc1:praef","https://raw.githubusercontent.com/PatristicTextArchive/pta_data/524eb9763b1181bc9f14edf52943bfe2f7a43aed/data/pta0022/pta015/pta0022.pta015.pta-grc1.xml","CC-BY-SA-4.0","https://creativecommons.org/licenses/by-sa/4.0/","H. C. Brennecke, U. Heil, A. von Stockhausen 편집, Athanasius Werke II/8, Berlin/New York: de Gruyter, 2006, 340-351쪽. PTA 2021 공개 전자판","https://patristics.missionalbible.org/releases/alpha-0.24.4/athanasius-antiochenes/passages.json","c1f241c50ba9eb412fcd0bcd17b8e09ea0497bf79414373fdf433eae6fe68569"
"migne-pg-45-(1863)-gregory-nyssa-ablabius","Patrologiae cursus completus, Series Graeca","","J. P. Migne","","1863","","45","","","Paris","print","","migne-pg-45-(1863)-gregory-nyssa-ablabius","https://raw.githubusercontent.com/open-greek/open-greek-corpus/f4062a5013e56d2727e3e88e7a8d8e13d207a06d/data/corpus/gregorius-nyssenus.ad-ablabium-quod-non-sint-tres-dei.jsonl","Public-Domain","https://creativecommons.org/publicdomain/mark/1.0/","J. P. Migne 편집, Patrologiae cursus completus, Series Graeca 45, Paris, 1863, 116-136열","https://patristics.missionalbible.org/releases/alpha-0.24.4/gregory-nyssa-ablabius/passages.json","3f2bae68ae48e8df2c62a084ef1c09ef39e4991a662378864a931f058fc3b877"
"mason-1899-oration-27","The Five Theological Orations of Gregory of Nazianzus","","Arthur James Mason","","1899","","","","Cambridge University Press","","print","","urn:cts:greekLit:tlg2022.tlg007.1st1K-grc1:1","https://raw.githubusercontent.com/OpenGreekAndLatin/First1KGreek/8ee111eb44ecef4120c844e10749178d95d1f30c/data/tlg2022/tlg007/tlg2022.tlg007.1st1K-grc1.xml","CC-BY-SA-4.0","https://creativecommons.org/licenses/by-sa/4.0/","Arthur James Mason 편집, The Five Theological Orations of Gregory of Nazianzus, Cambridge University Press, 1899, 1-20쪽. First1KGreek 공개 전자판의 전사 오류를 인쇄본에 따라 교정.","https://patristics.missionalbible.org/releases/alpha-0.24.4/gregory-nazianzus-oration-27/passages.json","1d806904053b15dde4b67836762db9c602da57ba76ddf57dfd912ae1f717aad8"
"johnston-1892-de-spiritu-sancto","The Book of Saint Basil the Great on the Holy Spirit","","C. F. H. Johnston","","1892","","","","Clarendon Press","Oxford","print","","johnston-1892-de-spiritu-sancto","https://archive.org/download/bookofsaintbasil00basi/bookofsaintbasil00basi.pdf","Public-Domain","https://creativecommons.org/publicdomain/mark/1.0/","C. F. H. Johnston 편집, The Book of Saint Basil the Great on the Holy Spirit, Oxford: Clarendon Press, 1892, 13-157쪽.","https://patristics.missionalbible.org/releases/alpha-0.24.4/basil-holy-spirit/passages.json","24066295b378710da1f59ff78929694433ccab3c0ab55ff4b312cbae4f8f8cfd"
"mason-1899-oration-28","The Five Theological Orations of Gregory of Nazianzus","","Arthur James Mason","","1899","","","","Cambridge University Press","","print","","urn:cts:greekLit:tlg2022.tlg008.1st1K-grc1:1","https://raw.githubusercontent.com/OpenGreekAndLatin/First1KGreek/8ee111eb44ecef4120c844e10749178d95d1f30c/data/tlg2022/tlg008/tlg2022.tlg008.1st1K-grc1.xml","CC-BY-SA-4.0","https://creativecommons.org/licenses/by-sa/4.0/","Arthur James Mason 편집, The Five Theological Orations of Gregory of Nazianzus, Cambridge University Press, 1899, 21-72쪽. First1KGreek 공개 전자판의 전사 오류를 인쇄본에 따라 교정.","https://patristics.missionalbible.org/releases/alpha-0.24.4/gregory-nazianzus-oration-28/passages.json","17d88bf32f3e73c69194f8d4d2a58d6c5fb38fc14f85d21cf8a78e9c088e195f"
"mason-1899-oration-29","The Five Theological Orations of Gregory of Nazianzus","","Arthur James Mason","","1899","","","","Cambridge University Press","","print","","urn:cts:greekLit:tlg2022.tlg009.1st1K-grc1:1","https://raw.githubusercontent.com/OpenGreekAndLatin/First1KGreek/8ee111eb44ecef4120c844e10749178d95d1f30c/data/tlg2022/tlg009/tlg2022.tlg009.1st1K-grc1.xml","CC-BY-SA-4.0","https://creativecommons.org/licenses/by-sa/4.0/","Arthur James Mason 편집, The Five Theological Orations of Gregory of Nazianzus, Cambridge University Press, 1899, 73-107쪽. First1KGreek 공개 전자판의 전사 오류를 인쇄본에 따라 교정.","https://patristics.missionalbible.org/releases/alpha-0.24.4/gregory-nazianzus-oration-29/passages.json","e2355b369e8442d8de6889e5fd683bf0ee76376f1500f47c6017d7f661f1479b"
"mason-1899-oration-30","The Five Theological Orations of Gregory of Nazianzus","","Arthur James Mason","","1899","","","","Cambridge University Press","","print","","urn:cts:greekLit:tlg2022.tlg010.1st1K-grc1:1","https://raw.githubusercontent.com/OpenGreekAndLatin/First1KGreek/8ee111eb44ecef4120c844e10749178d95d1f30c/data/tlg2022/tlg010/tlg2022.tlg010.1st1K-grc1.xml","CC-BY-SA-4.0","https://creativecommons.org/licenses/by-sa/4.0/","Arthur James Mason 편집, The Five Theological Orations of Gregory of Nazianzus, Cambridge University Press, 1899, 108-144쪽. First1KGreek 공개 전자판의 전사 오류를 인쇄본에 따라 교정.","https://patristics.missionalbible.org/releases/alpha-0.24.4/gregory-nazianzus-oration-30/passages.json","19c8a974d1c18daa1f1af1b19cf1858125425bf5b80fe16bfa8c3d8895a7facd"
"mason-1899-oration-31","The Five Theological Orations of Gregory of Nazianzus","","Arthur James Mason","","1899","","","","Cambridge University Press","","print","","urn:cts:greekLit:tlg2022.tlg011.1st1K-grc1:1","https://raw.githubusercontent.com/OpenGreekAndLatin/First1KGreek/8ee111eb44ecef4120c844e10749178d95d1f30c/data/tlg2022/tlg011/tlg2022.tlg011.1st1K-grc1.xml","CC-BY-SA-4.0","https://creativecommons.org/licenses/by-sa/4.0/","Arthur James Mason 편집, The Five Theological Orations of Gregory of Nazianzus, Cambridge University Press, 1899, 145-190쪽. First1KGreek 공개 전자판의 전사 오류를 인쇄본에 따라 교정.","https://patristics.missionalbible.org/releases/alpha-0.24.4/gregory-nazianzus-oration-31/passages.json","aaffdc8c72ae63f17ec1c6f149a52be0d28159768117226bb606fb2834d35d0a"
"migne-1857-serapion-1","Patrologia Graeca","","J.-P. Migne","","1857","","26","","","Paris","print","Athanasii Opera, Tomus II","migne-1857-serapion-1","https://raw.githubusercontent.com/open-greek/open-greek-corpus/f4062a5013e56d2727e3e88e7a8d8e13d207a06d/data/corpus/athanasius-theology.epistulae-quattuor-ad-serapionem.jsonl","CC-BY-4.0","https://creativecommons.org/licenses/by/4.0/","J.-P. Migne 편집, Patrologia Graeca 26, Athanasii Opera, Tomus II, Paris, 1857. 고정 Open Greek 전사문을 인쇄본에 따라 교정.","https://patristics.missionalbible.org/releases/alpha-0.24.6/athanasius-serapion-1/passages.json","631b0a0dc765fa41e214fde22c27a4c31a8b123620a6e2c108e6b36d61c1ad37"
"migne-1857-serapion-2","Patrologia Graeca","","J.-P. Migne","","1857","","26","","","Paris","print","Athanasii Opera, Tomus II","migne-1857-serapion-2","https://raw.githubusercontent.com/open-greek/open-greek-corpus/f4062a5013e56d2727e3e88e7a8d8e13d207a06d/data/corpus/athanasius-theology.epistulae-quattuor-ad-serapionem.jsonl","CC-BY-4.0","https://creativecommons.org/licenses/by/4.0/","J.-P. Migne 편집, Patrologia Graeca 26, Athanasii Opera, Tomus II, Paris, 1857. 고정 Open Greek 전사문을 인쇄본에 따라 교정.","https://patristics.missionalbible.org/releases/alpha-0.24.4/athanasius-serapion-2/passages.json","be6ded43c4f46084669648f59de20168a75fc167c8c6c61e8e4f5d38f1b9a804"
"migne-1857-serapion-3","Patrologia Graeca","","J.-P. Migne","","1857","","26","","","Paris","print","Athanasii Opera, Tomus II","migne-1857-serapion-3","https://raw.githubusercontent.com/open-greek/open-greek-corpus/f4062a5013e56d2727e3e88e7a8d8e13d207a06d/data/corpus/athanasius-theology.epistulae-quattuor-ad-serapionem.jsonl","CC-BY-4.0","https://creativecommons.org/licenses/by/4.0/","J.-P. Migne 편집, Patrologia Graeca 26, Athanasii Opera, Tomus II, Paris, 1857. 고정 Open Greek 전사문을 인쇄본에 따라 교정.","https://patristics.missionalbible.org/releases/alpha-0.24.4/athanasius-serapion-3/passages.json","e13d885cd67d52ba43991cfb5e9eaf3e17ba5ab77d3389511d94cefda028c7af"
"migne-1857-serapion-4","Patrologia Graeca","","J.-P. Migne","","1857","","26","","","Paris","print","Athanasii Opera, Tomus II","migne-1857-serapion-4","https://raw.githubusercontent.com/open-greek/open-greek-corpus/f4062a5013e56d2727e3e88e7a8d8e13d207a06d/data/corpus/athanasius-theology.epistulae-quattuor-ad-serapionem.jsonl","CC-BY-4.0","https://creativecommons.org/licenses/by/4.0/","J.-P. Migne 편집, Patrologia Graeca 26, Athanasii Opera, Tomus II, Paris, 1857. 고정 Open Greek 전사문을 인쇄본에 따라 교정.","https://patristics.missionalbible.org/releases/alpha-0.24.4/athanasius-serapion-4/passages.json","59ac99c2155cadbb0da54f84a2dd8bc916d7cb66442b773733015ccb45fa79a5"
"march-owen-1876-athenagoras-resurrection","Athenagoras","","Francis Andrew March","William Baxter Owen","1876","","","","Harper & Brothers","New York","print","","march-owen-1876-athenagoras-resurrection","https://raw.githubusercontent.com/OpenGreekAndLatin/First1KGreek/8ee111eb44ecef4120c844e10749178d95d1f30c/data/tlg1205/tlg002/tlg1205.tlg002.perseus-grc2.xml","CC-BY-SA-4.0","https://creativecommons.org/licenses/by-sa/4.0/","Francis Andrew March 편집, William Baxter Owen 주해, Athenagoras, New York: Harper & Brothers, 1876, 53-86쪽","https://patristics.missionalbible.org/releases/alpha-0.27/athenagoras-resurrection/passages.json","2af5e2a25280a63b595ecf09e315c3c50adc635d01aec0c9d19e94f4176518fe"
"robertson-1893-incarnation","St. Athanasius On The Incarnation","","Archibald Robertson","","1893","","","2","David Nutt","London","print","Based on the Codex Seguerianus","urn:cts:greekLit:tlg2035.tlg002.1st1K-grc1","https://raw.githubusercontent.com/OpenGreekAndLatin/First1KGreek/8ee111eb44ecef4120c844e10749178d95d1f30c/data/tlg2035/tlg002/tlg2035.tlg002.1st1K-grc1.xml","CC-BY-SA-4.0","https://creativecommons.org/licenses/by-sa/4.0/","Archibald Robertson 편집, St. Athanasius On The Incarnation, 2nd edition, based on the Codex Seguerianus, London: David Nutt, 1893, 1-86쪽","https://patristics.missionalbible.org/releases/alpha-0.26.2/athanasius-incarnation/passages.json","1f256d372a683afb7a41f003c1de33b05069d6cb816aacc223144a2d2fd1b77a"
"pta-savvidis-contra-gentes","Contra gentes","","Kyriakos Savvidis","","","","","","Patristic Text Archive","","electronic","그리스어 예비 교감 전자판; 고정 버전 ef861ab3","urn:cts:pta:pta0022.pta001.pta-grc1","https://raw.githubusercontent.com/PatristicTextArchive/pta_data/ef861ab391ea35c5d85b41dd8d7ba2bf65530b21/data/pta0022/pta001/pta0022.pta001.pta-grc1.xml","CC-BY-SA-4.0","https://creativecommons.org/licenses/by-sa/4.0/","Kyriakos Savvidis 편집, Patristic Text Archive, Contra gentes, 그리스어 예비 교감 전자판, 고정 버전 ef861ab3","https://patristics.missionalbible.org/releases/alpha-0.28/athanasius-gentes/passages.json","38384649c863136c533a173093c429922f53bdb437b996ec419b2e4d2ed58df7"
